country,year,age,gender,inmigrant_count,outmigrant_count
Scotland,2002,0,all,285,214
Scotland,2002,1,all,439,394
Scotland,2002,2,all,411,371
Scotland,2002,3,all,397,361
Scotland,2002,4,all,373,331
Scotland,2002,5,all,295,296
Scotland,2002,6,all,259,265
Scotland,2002,7,all,251,258
Scotland,2002,8,all,255,251
Scotland,2002,9,all,239,234
Scotland,2002,10,all,187,220
Scotland,2002,11,all,204,203
Scotland,2002,12,all,181,187
Scotland,2002,13,all,206,190
Scotland,2002,14,all,262,186
Scotland,2002,15,all,255,156
Scotland,2002,16,all,407,193
Scotland,2002,17,all,424,260
Scotland,2002,18,all,547,370
Scotland,2002,19,all,917,495
Scotland,2002,20,all,1150,556
Scotland,2002,21,all,1577,772
Scotland,2002,22,all,1481,1033
Scotland,2002,23,all,1590,1467
Scotland,2002,24,all,1455,1386
Scotland,2002,25,all,1413,1334
Scotland,2002,26,all,1168,1243
Scotland,2002,27,all,1089,1152
Scotland,2002,28,all,975,1006
Scotland,2002,29,all,860,960
Scotland,2002,30,all,790,828
Scotland,2002,31,all,671,755
Scotland,2002,32,all,625,653
Scotland,2002,33,all,573,615
Scotland,2002,34,all,469,575
Scotland,2002,35,all,468,512
Scotland,2002,36,all,392,441
Scotland,2002,37,all,343,428
Scotland,2002,38,all,315,385
Scotland,2002,39,all,300,366
Scotland,2002,40,all,276,316
Scotland,2002,41,all,238,306
Scotland,2002,42,all,207,273
Scotland,2002,43,all,224,250
Scotland,2002,44,all,196,216
Scotland,2002,45,all,159,215
Scotland,2002,46,all,151,192
Scotland,2002,47,all,125,166
Scotland,2002,48,all,112,163
Scotland,2002,49,all,107,146
Scotland,2002,50,all,103,132
Scotland,2002,51,all,105,115
Scotland,2002,52,all,88,116
Scotland,2002,53,all,84,118
Scotland,2002,54,all,72,114
Scotland,2002,55,all,106,118
Scotland,2002,56,all,72,91
Scotland,2002,57,all,67,101
Scotland,2002,58,all,72,85
Scotland,2002,59,all,47,73
Scotland,2002,60,all,67,72
Scotland,2002,61,all,54,62
Scotland,2002,62,all,51,70
Scotland,2002,63,all,45,64
Scotland,2002,64,all,54,57
Scotland,2002,65,all,42,62
Scotland,2002,66,all,43,61
Scotland,2002,67,all,35,48
Scotland,2002,68,all,28,42
Scotland,2002,69,all,22,39
Scotland,2002,70,all,31,33
Scotland,2002,71,all,25,33
Scotland,2002,72,all,26,34
Scotland,2002,73,all,20,26
Scotland,2002,74,all,12,31
Scotland,2002,75,all,7,26
Scotland,2002,76,all,17,25
Scotland,2002,77,all,15,17
Scotland,2002,78,all,12,20
Scotland,2002,79,all,10,19
Scotland,2002,80,all,12,19
Scotland,2002,81,all,10,18
Scotland,2002,82,all,9,21
Scotland,2002,83,all,8,13
Scotland,2002,84,all,5,13
Scotland,2002,85,all,4,12
Scotland,2002,86,all,5,13
Scotland,2002,87,all,2,6
Scotland,2002,88,all,1,3
Scotland,2002,89,all,6,5
Scotland,2002,90,all,13,28
Scotland,2003,0,all,242,204
Scotland,2003,1,all,342,387
Scotland,2003,2,all,364,383
Scotland,2003,3,all,324,346
Scotland,2003,4,all,354,355
Scotland,2003,5,all,232,283
Scotland,2003,6,all,206,256
Scotland,2003,7,all,209,234
Scotland,2003,8,all,207,235
Scotland,2003,9,all,206,239
Scotland,2003,10,all,163,207
Scotland,2003,11,all,165,201
Scotland,2003,12,all,164,199
Scotland,2003,13,all,170,191
Scotland,2003,14,all,212,184
Scotland,2003,15,all,241,188
Scotland,2003,16,all,346,197
Scotland,2003,17,all,352,252
Scotland,2003,18,all,485,385
Scotland,2003,19,all,751,499
Scotland,2003,20,all,1020,580
Scotland,2003,21,all,1509,717
Scotland,2003,22,all,1489,1021
Scotland,2003,23,all,1608,1526
Scotland,2003,24,all,1465,1487
Scotland,2003,25,all,1352,1448
Scotland,2003,26,all,1152,1290
Scotland,2003,27,all,1052,1181
Scotland,2003,28,all,904,1069
Scotland,2003,29,all,800,986
Scotland,2003,30,all,738,855
Scotland,2003,31,all,637,791
Scotland,2003,32,all,577,718
Scotland,2003,33,all,535,626
Scotland,2003,34,all,461,595
Scotland,2003,35,all,425,542
Scotland,2003,36,all,368,487
Scotland,2003,37,all,303,427
Scotland,2003,38,all,287,416
Scotland,2003,39,all,263,350
Scotland,2003,40,all,249,326
Scotland,2003,41,all,197,304
Scotland,2003,42,all,180,290
Scotland,2003,43,all,177,244
Scotland,2003,44,all,145,228
Scotland,2003,45,all,124,219
Scotland,2003,46,all,136,184
Scotland,2003,47,all,120,164
Scotland,2003,48,all,107,177
Scotland,2003,49,all,94,154
Scotland,2003,50,all,92,140
Scotland,2003,51,all,73,131
Scotland,2003,52,all,74,127
Scotland,2003,53,all,82,112
Scotland,2003,54,all,71,108
Scotland,2003,55,all,77,119
Scotland,2003,56,all,63,120
Scotland,2003,57,all,44,97
Scotland,2003,58,all,49,86
Scotland,2003,59,all,59,72
Scotland,2003,60,all,58,75
Scotland,2003,61,all,44,72
Scotland,2003,62,all,49,66
Scotland,2003,63,all,58,59
Scotland,2003,64,all,45,54
Scotland,2003,65,all,44,68
Scotland,2003,66,all,31,49
Scotland,2003,67,all,30,47
Scotland,2003,68,all,23,41
Scotland,2003,69,all,28,37
Scotland,2003,70,all,20,30
Scotland,2003,71,all,16,28
Scotland,2003,72,all,21,36
Scotland,2003,73,all,19,23
Scotland,2003,74,all,14,26
Scotland,2003,75,all,12,26
Scotland,2003,76,all,12,21
Scotland,2003,77,all,8,17
Scotland,2003,78,all,15,14
Scotland,2003,79,all,7,21
Scotland,2003,80,all,8,22
Scotland,2003,81,all,7,16
Scotland,2003,82,all,9,18
Scotland,2003,83,all,4,17
Scotland,2003,84,all,3,14
Scotland,2003,85,all,5,9
Scotland,2003,86,all,4,11
Scotland,2003,87,all,1,8
Scotland,2003,88,all,3,6
Scotland,2003,89,all,2,6
Scotland,2003,90,all,7,24
Scotland,2004,0,all,296,202
Scotland,2004,1,all,422,369
Scotland,2004,2,all,350,320
Scotland,2004,3,all,320,294
Scotland,2004,4,all,323,301
Scotland,2004,5,all,275,272
Scotland,2004,6,all,236,217
Scotland,2004,7,all,249,242
Scotland,2004,8,all,224,209
Scotland,2004,9,all,217,218
Scotland,2004,10,all,182,207
Scotland,2004,11,all,173,186
Scotland,2004,12,all,158,180
Scotland,2004,13,all,156,161
Scotland,2004,14,all,190,167
Scotland,2004,15,all,220,164
Scotland,2004,16,all,281,176
Scotland,2004,17,all,340,245
Scotland,2004,18,all,475,340
Scotland,2004,19,all,905,478
Scotland,2004,20,all,1157,514
Scotland,2004,21,all,1681,723
Scotland,2004,22,all,1749,950
Scotland,2004,23,all,1868,1415
Scotland,2004,24,all,1723,1431
Scotland,2004,25,all,1565,1446
Scotland,2004,26,all,1380,1277
Scotland,2004,27,all,1208,1142
Scotland,2004,28,all,1078,1074
Scotland,2004,29,all,869,911
Scotland,2004,30,all,743,830
Scotland,2004,31,all,711,737
Scotland,2004,32,all,617,621
Scotland,2004,33,all,579,595
Scotland,2004,34,all,484,541
Scotland,2004,35,all,456,514
Scotland,2004,36,all,372,439
Scotland,2004,37,all,332,414
Scotland,2004,38,all,310,359
Scotland,2004,39,all,283,334
Scotland,2004,40,all,276,320
Scotland,2004,41,all,248,283
Scotland,2004,42,all,217,270
Scotland,2004,43,all,190,245
Scotland,2004,44,all,182,224
Scotland,2004,45,all,146,194
Scotland,2004,46,all,136,183
Scotland,2004,47,all,130,155
Scotland,2004,48,all,112,143
Scotland,2004,49,all,107,140
Scotland,2004,50,all,110,129
Scotland,2004,51,all,105,122
Scotland,2004,52,all,79,120
Scotland,2004,53,all,81,113
Scotland,2004,54,all,100,95
Scotland,2004,55,all,77,106
Scotland,2004,56,all,84,107
Scotland,2004,57,all,76,106
Scotland,2004,58,all,69,96
Scotland,2004,59,all,55,76
Scotland,2004,60,all,47,84
Scotland,2004,61,all,74,61
Scotland,2004,62,all,65,54
Scotland,2004,63,all,46,68
Scotland,2004,64,all,52,58
Scotland,2004,65,all,45,51
Scotland,2004,66,all,48,55
Scotland,2004,67,all,42,45
Scotland,2004,68,all,38,41
Scotland,2004,69,all,24,39
Scotland,2004,70,all,29,32
Scotland,2004,71,all,25,38
Scotland,2004,72,all,31,26
Scotland,2004,73,all,22,27
Scotland,2004,74,all,24,30
Scotland,2004,75,all,19,23
Scotland,2004,76,all,16,28
Scotland,2004,77,all,14,23
Scotland,2004,78,all,18,18
Scotland,2004,79,all,14,17
Scotland,2004,80,all,16,17
Scotland,2004,81,all,5,16
Scotland,2004,82,all,10,17
Scotland,2004,83,all,8,16
Scotland,2004,84,all,6,17
Scotland,2004,85,all,5,12
Scotland,2004,86,all,4,8
Scotland,2004,87,all,4,6
Scotland,2004,88,all,1,6
Scotland,2004,89,all,1,4
Scotland,2004,90,all,10,21
Scotland,2005,0,all,461,234
Scotland,2005,1,all,590,402
Scotland,2005,2,all,515,368
Scotland,2005,3,all,501,346
Scotland,2005,4,all,492,329
Scotland,2005,5,all,403,286
Scotland,2005,6,all,366,266
Scotland,2005,7,all,320,235
Scotland,2005,8,all,312,249
Scotland,2005,9,all,304,232
Scotland,2005,10,all,278,213
Scotland,2005,11,all,249,198
Scotland,2005,12,all,238,191
Scotland,2005,13,all,230,187
Scotland,2005,14,all,281,198
Scotland,2005,15,all,261,180
Scotland,2005,16,all,358,199
Scotland,2005,17,all,438,272
Scotland,2005,18,all,667,381
Scotland,2005,19,all,1234,543
Scotland,2005,20,all,1637,576
Scotland,2005,21,all,2304,798
Scotland,2005,22,all,2634,1044
Scotland,2005,23,all,2884,1552
Scotland,2005,24,all,2721,1664
Scotland,2005,25,all,2557,1700
Scotland,2005,26,all,2123,1594
Scotland,2005,27,all,1840,1395
Scotland,2005,28,all,1555,1245
Scotland,2005,29,all,1332,1117
Scotland,2005,30,all,1119,929
Scotland,2005,31,all,983,827
Scotland,2005,32,all,898,728
Scotland,2005,33,all,780,673
Scotland,2005,34,all,736,615
Scotland,2005,35,all,615,549
Scotland,2005,36,all,525,521
Scotland,2005,37,all,522,444
Scotland,2005,38,all,436,419
Scotland,2005,39,all,387,384
Scotland,2005,40,all,372,346
Scotland,2005,41,all,347,307
Scotland,2005,42,all,298,293
Scotland,2005,43,all,280,275
Scotland,2005,44,all,283,239
Scotland,2005,45,all,262,222
Scotland,2005,46,all,227,214
Scotland,2005,47,all,194,201
Scotland,2005,48,all,202,183
Scotland,2005,49,all,169,152
Scotland,2005,50,all,140,150
Scotland,2005,51,all,137,145
Scotland,2005,52,all,133,124
Scotland,2005,53,all,120,122
Scotland,2005,54,all,112,122
Scotland,2005,55,all,109,115
Scotland,2005,56,all,111,105
Scotland,2005,57,all,104,106
Scotland,2005,58,all,89,124
Scotland,2005,59,all,90,90
Scotland,2005,60,all,88,88
Scotland,2005,61,all,82,91
Scotland,2005,62,all,69,81
Scotland,2005,63,all,62,66
Scotland,2005,64,all,66,59
Scotland,2005,65,all,62,64
Scotland,2005,66,all,59,56
Scotland,2005,67,all,53,56
Scotland,2005,68,all,37,46
Scotland,2005,69,all,42,46
Scotland,2005,70,all,37,29
Scotland,2005,71,all,33,38
Scotland,2005,72,all,31,35
Scotland,2005,73,all,21,23
Scotland,2005,74,all,25,33
Scotland,2005,75,all,13,30
Scotland,2005,76,all,20,23
Scotland,2005,77,all,17,23
Scotland,2005,78,all,10,18
Scotland,2005,79,all,19,22
Scotland,2005,80,all,9,14
Scotland,2005,81,all,14,15
Scotland,2005,82,all,7,16
Scotland,2005,83,all,10,15
Scotland,2005,84,all,13,10
Scotland,2005,85,all,6,16
Scotland,2005,86,all,7,14
Scotland,2005,87,all,3,11
Scotland,2005,88,all,5,8
Scotland,2005,89,all,6,6
Scotland,2005,90,all,9,30
Scotland,2006,0,all,438,246
Scotland,2006,1,all,615,437
Scotland,2006,2,all,508,414
Scotland,2006,3,all,482,349
Scotland,2006,4,all,446,331
Scotland,2006,5,all,399,299
Scotland,2006,6,all,353,274
Scotland,2006,7,all,325,244
Scotland,2006,8,all,299,255
Scotland,2006,9,all,266,240
Scotland,2006,10,all,241,213
Scotland,2006,11,all,250,223
Scotland,2006,12,all,249,209
Scotland,2006,13,all,232,198
Scotland,2006,14,all,257,210
Scotland,2006,15,all,250,190
Scotland,2006,16,all,367,230
Scotland,2006,17,all,398,261
Scotland,2006,18,all,600,388
Scotland,2006,19,all,1190,550
Scotland,2006,20,all,1622,595
Scotland,2006,21,all,2199,845
Scotland,2006,22,all,2475,1119
Scotland,2006,23,all,2811,1581
Scotland,2006,24,all,2728,1715
Scotland,2006,25,all,2497,1848
Scotland,2006,26,all,2206,1753
Scotland,2006,27,all,1868,1527
Scotland,2006,28,all,1643,1391
Scotland,2006,29,all,1369,1181
Scotland,2006,30,all,1182,1061
Scotland,2006,31,all,977,929
Scotland,2006,32,all,887,797
Scotland,2006,33,all,772,736
Scotland,2006,34,all,703,672
Scotland,2006,35,all,635,596
Scotland,2006,36,all,539,527
Scotland,2006,37,all,473,488
Scotland,2006,38,all,468,443
Scotland,2006,39,all,367,416
Scotland,2006,40,all,361,375
Scotland,2006,41,all,312,347
Scotland,2006,42,all,333,318
Scotland,2006,43,all,320,297
Scotland,2006,44,all,244,285
Scotland,2006,45,all,239,270
Scotland,2006,46,all,232,219
Scotland,2006,47,all,207,217
Scotland,2006,48,all,202,212
Scotland,2006,49,all,190,194
Scotland,2006,50,all,155,190
Scotland,2006,51,all,168,168
Scotland,2006,52,all,144,156
Scotland,2006,53,all,144,150
Scotland,2006,54,all,118,138
Scotland,2006,55,all,103,137
Scotland,2006,56,all,90,128
Scotland,2006,57,all,108,118
Scotland,2006,58,all,96,124
Scotland,2006,59,all,84,125
Scotland,2006,60,all,84,98
Scotland,2006,61,all,82,94
Scotland,2006,62,all,65,93
Scotland,2006,63,all,60,89
Scotland,2006,64,all,52,72
Scotland,2006,65,all,67,77
Scotland,2006,66,all,48,67
Scotland,2006,67,all,44,55
Scotland,2006,68,all,49,50
Scotland,2006,69,all,29,49
Scotland,2006,70,all,38,49
Scotland,2006,71,all,30,42
Scotland,2006,72,all,26,35
Scotland,2006,73,all,21,35
Scotland,2006,74,all,21,32
Scotland,2006,75,all,19,24
Scotland,2006,76,all,12,32
Scotland,2006,77,all,13,34
Scotland,2006,78,all,16,21
Scotland,2006,79,all,11,27
Scotland,2006,80,all,13,23
Scotland,2006,81,all,14,17
Scotland,2006,82,all,11,17
Scotland,2006,83,all,9,18
Scotland,2006,84,all,8,19
Scotland,2006,85,all,5,15
Scotland,2006,86,all,3,15
Scotland,2006,87,all,2,10
Scotland,2006,88,all,2,9
Scotland,2006,89,all,1,5
Scotland,2006,90,all,9,28
Scotland,2007,0,all,500,165
Scotland,2007,1,all,676,299
Scotland,2007,2,all,613,261
Scotland,2007,3,all,595,259
Scotland,2007,4,all,533,234
Scotland,2007,5,all,466,196
Scotland,2007,6,all,435,183
Scotland,2007,7,all,391,173
Scotland,2007,8,all,356,164
Scotland,2007,9,all,296,146
Scotland,2007,10,all,335,153
Scotland,2007,11,all,278,139
Scotland,2007,12,all,289,138
Scotland,2007,13,all,263,136
Scotland,2007,14,all,285,133
Scotland,2007,15,all,293,118
Scotland,2007,16,all,383,147
Scotland,2007,17,all,424,180
Scotland,2007,18,all,651,257
Scotland,2007,19,all,1436,362
Scotland,2007,20,all,1771,426
Scotland,2007,21,all,2204,596
Scotland,2007,22,all,2562,762
Scotland,2007,23,all,2942,1027
Scotland,2007,24,all,2831,1115
Scotland,2007,25,all,2660,1167
Scotland,2007,26,all,2281,1105
Scotland,2007,27,all,2133,1020
Scotland,2007,28,all,1810,913
Scotland,2007,29,all,1517,826
Scotland,2007,30,all,1412,703
Scotland,2007,31,all,1151,623
Scotland,2007,32,all,1041,562
Scotland,2007,33,all,892,494
Scotland,2007,34,all,779,451
Scotland,2007,35,all,684,418
Scotland,2007,36,all,614,364
Scotland,2007,37,all,482,326
Scotland,2007,38,all,463,311
Scotland,2007,39,all,433,254
Scotland,2007,40,all,371,246
Scotland,2007,41,all,335,229
Scotland,2007,42,all,345,217
Scotland,2007,43,all,311,188
Scotland,2007,44,all,289,193
Scotland,2007,45,all,254,170
Scotland,2007,46,all,251,161
Scotland,2007,47,all,245,148
Scotland,2007,48,all,222,133
Scotland,2007,49,all,205,128
Scotland,2007,50,all,192,120
Scotland,2007,51,all,177,117
Scotland,2007,52,all,148,101
Scotland,2007,53,all,137,104
Scotland,2007,54,all,124,95
Scotland,2007,55,all,110,85
Scotland,2007,56,all,111,82
Scotland,2007,57,all,112,79
Scotland,2007,58,all,78,75
Scotland,2007,59,all,92,82
Scotland,2007,60,all,81,76
Scotland,2007,61,all,79,65
Scotland,2007,62,all,66,57
Scotland,2007,63,all,56,63
Scotland,2007,64,all,59,46
Scotland,2007,65,all,48,47
Scotland,2007,66,all,44,46
Scotland,2007,67,all,41,35
Scotland,2007,68,all,28,32
Scotland,2007,69,all,50,33
Scotland,2007,70,all,35,27
Scotland,2007,71,all,29,28
Scotland,2007,72,all,31,27
Scotland,2007,73,all,19,24
Scotland,2007,74,all,15,21
Scotland,2007,75,all,21,22
Scotland,2007,76,all,17,18
Scotland,2007,77,all,16,21
Scotland,2007,78,all,13,15
Scotland,2007,79,all,11,15
Scotland,2007,80,all,11,15
Scotland,2007,81,all,4,15
Scotland,2007,82,all,8,13
Scotland,2007,83,all,8,11
Scotland,2007,84,all,7,7
Scotland,2007,85,all,10,14
Scotland,2007,86,all,6,10
Scotland,2007,87,all,4,10
Scotland,2007,88,all,0,5
Scotland,2007,89,all,4,2
Scotland,2007,90,all,10,21
Scotland,2008,0,all,540,256
Scotland,2008,1,all,685,425
Scotland,2008,2,all,588,393
Scotland,2008,3,all,563,372
Scotland,2008,4,all,516,333
Scotland,2008,5,all,437,282
Scotland,2008,6,all,382,250
Scotland,2008,7,all,321,224
Scotland,2008,8,all,309,223
Scotland,2008,9,all,294,208
Scotland,2008,10,all,319,220
Scotland,2008,11,all,311,207
Scotland,2008,12,all,262,194
Scotland,2008,13,all,288,181
Scotland,2008,14,all,305,206
Scotland,2008,15,all,281,161
Scotland,2008,16,all,338,213
Scotland,2008,17,all,381,237
Scotland,2008,18,all,775,372
Scotland,2008,19,all,1414,516
Scotland,2008,20,all,1824,631
Scotland,2008,21,all,2352,842
Scotland,2008,22,all,2475,1116
Scotland,2008,23,all,2821,1533
Scotland,2008,24,all,2727,1576
Scotland,2008,25,all,2660,1580
Scotland,2008,26,all,2303,1530
Scotland,2008,27,all,2037,1505
Scotland,2008,28,all,1781,1341
Scotland,2008,29,all,1549,1183
Scotland,2008,30,all,1387,994
Scotland,2008,31,all,1196,903
Scotland,2008,32,all,1001,797
Scotland,2008,33,all,902,719
Scotland,2008,34,all,809,617
Scotland,2008,35,all,691,590
Scotland,2008,36,all,624,535
Scotland,2008,37,all,566,499
Scotland,2008,38,all,501,412
Scotland,2008,39,all,425,416
Scotland,2008,40,all,402,371
Scotland,2008,41,all,357,347
Scotland,2008,42,all,336,300
Scotland,2008,43,all,302,281
Scotland,2008,44,all,278,273
Scotland,2008,45,all,269,253
Scotland,2008,46,all,248,238
Scotland,2008,47,all,259,231
Scotland,2008,48,all,242,189
Scotland,2008,49,all,207,204
Scotland,2008,50,all,227,181
Scotland,2008,51,all,170,172
Scotland,2008,52,all,174,188
Scotland,2008,53,all,154,150
Scotland,2008,54,all,161,144
Scotland,2008,55,all,122,143
Scotland,2008,56,all,142,146
Scotland,2008,57,all,109,123
Scotland,2008,58,all,95,124
Scotland,2008,59,all,83,113
Scotland,2008,60,all,91,113
Scotland,2008,61,all,76,113
Scotland,2008,62,all,73,98
Scotland,2008,63,all,62,70
Scotland,2008,64,all,59,80
Scotland,2008,65,all,52,79
Scotland,2008,66,all,49,60
Scotland,2008,67,all,40,55
Scotland,2008,68,all,44,53
Scotland,2008,69,all,33,51
Scotland,2008,70,all,38,49
Scotland,2008,71,all,36,42
Scotland,2008,72,all,30,48
Scotland,2008,73,all,24,35
Scotland,2008,74,all,30,34
Scotland,2008,75,all,13,28
Scotland,2008,76,all,16,30
Scotland,2008,77,all,17,27
Scotland,2008,78,all,18,30
Scotland,2008,79,all,14,24
Scotland,2008,80,all,19,20
Scotland,2008,81,all,11,18
Scotland,2008,82,all,14,24
Scotland,2008,83,all,12,23
Scotland,2008,84,all,8,16
Scotland,2008,85,all,11,19
Scotland,2008,86,all,6,17
Scotland,2008,87,all,3,19
Scotland,2008,88,all,5,12
Scotland,2008,89,all,3,10
Scotland,2008,90,all,16,40
Scotland,2009,0,all,580,233
Scotland,2009,1,all,695,358
Scotland,2009,2,all,574,327
Scotland,2009,3,all,500,287
Scotland,2009,4,all,482,272
Scotland,2009,5,all,371,232
Scotland,2009,6,all,327,199
Scotland,2009,7,all,289,180
Scotland,2009,8,all,296,181
Scotland,2009,9,all,279,167
Scotland,2009,10,all,295,169
Scotland,2009,11,all,261,151
Scotland,2009,12,all,223,143
Scotland,2009,13,all,281,149
Scotland,2009,14,all,257,150
Scotland,2009,15,all,288,137
Scotland,2009,16,all,354,166
Scotland,2009,17,all,406,219
Scotland,2009,18,all,908,310
Scotland,2009,19,all,1644,434
Scotland,2009,20,all,1989,539
Scotland,2009,21,all,2350,742
Scotland,2009,22,all,2594,969
Scotland,2009,23,all,2790,1232
Scotland,2009,24,all,2689,1298
Scotland,2009,25,all,2599,1309
Scotland,2009,26,all,2276,1266
Scotland,2009,27,all,2057,1207
Scotland,2009,28,all,1831,1052
Scotland,2009,29,all,1547,983
Scotland,2009,30,all,1426,831
Scotland,2009,31,all,1164,744
Scotland,2009,32,all,1011,672
Scotland,2009,33,all,889,579
Scotland,2009,34,all,754,504
Scotland,2009,35,all,718,474
Scotland,2009,36,all,552,421
Scotland,2009,37,all,541,405
Scotland,2009,38,all,488,346
Scotland,2009,39,all,431,314
Scotland,2009,40,all,398,300
Scotland,2009,41,all,315,282
Scotland,2009,42,all,296,258
Scotland,2009,43,all,319,225
Scotland,2009,44,all,278,214
Scotland,2009,45,all,261,212
Scotland,2009,46,all,253,195
Scotland,2009,47,all,212,183
Scotland,2009,48,all,245,181
Scotland,2009,49,all,214,157
Scotland,2009,50,all,205,161
Scotland,2009,51,all,182,147
Scotland,2009,52,all,158,142
Scotland,2009,53,all,169,131
Scotland,2009,54,all,152,114
Scotland,2009,55,all,124,109
Scotland,2009,56,all,138,111
Scotland,2009,57,all,104,95
Scotland,2009,58,all,100,105
Scotland,2009,59,all,85,90
Scotland,2009,60,all,76,85
Scotland,2009,61,all,79,83
Scotland,2009,62,all,59,86
Scotland,2009,63,all,59,62
Scotland,2009,64,all,57,54
Scotland,2009,65,all,53,57
Scotland,2009,66,all,53,50
Scotland,2009,67,all,45,47
Scotland,2009,68,all,40,41
Scotland,2009,69,all,39,42
Scotland,2009,70,all,31,38
Scotland,2009,71,all,38,32
Scotland,2009,72,all,26,30
Scotland,2009,73,all,27,32
Scotland,2009,74,all,19,22
Scotland,2009,75,all,29,24
Scotland,2009,76,all,16,25
Scotland,2009,77,all,16,28
Scotland,2009,78,all,16,18
Scotland,2009,79,all,14,19
Scotland,2009,80,all,12,15
Scotland,2009,81,all,6,20
Scotland,2009,82,all,7,18
Scotland,2009,83,all,9,13
Scotland,2009,84,all,7,10
Scotland,2009,85,all,8,14
Scotland,2009,86,all,9,10
Scotland,2009,87,all,6,11
Scotland,2009,88,all,8,11
Scotland,2009,89,all,7,8
Scotland,2009,90,all,15,32
Scotland,2010,0,all,643,231
Scotland,2010,1,all,720,377
Scotland,2010,2,all,571,319
Scotland,2010,3,all,502,285
Scotland,2010,4,all,454,260
Scotland,2010,5,all,404,225
Scotland,2010,6,all,360,201
Scotland,2010,7,all,301,169
Scotland,2010,8,all,290,170
Scotland,2010,9,all,266,156
Scotland,2010,10,all,286,164
Scotland,2010,11,all,269,155
Scotland,2010,12,all,234,151
Scotland,2010,13,all,263,147
Scotland,2010,14,all,254,141
Scotland,2010,15,all,311,149
Scotland,2010,16,all,324,161
Scotland,2010,17,all,399,203
Scotland,2010,18,all,977,303
Scotland,2010,19,all,1979,436
Scotland,2010,20,all,2411,542
Scotland,2010,21,all,2793,800
Scotland,2010,22,all,3064,1049
Scotland,2010,23,all,3252,1323
Scotland,2010,24,all,2904,1393
Scotland,2010,25,all,2680,1357
Scotland,2010,26,all,2323,1221
Scotland,2010,27,all,2090,1128
Scotland,2010,28,all,1815,1020
Scotland,2010,29,all,1525,944
Scotland,2010,30,all,1390,820
Scotland,2010,31,all,1139,712
Scotland,2010,32,all,973,635
Scotland,2010,33,all,898,530
Scotland,2010,34,all,751,471
Scotland,2010,35,all,667,447
Scotland,2010,36,all,567,425
Scotland,2010,37,all,539,358
Scotland,2010,38,all,440,330
Scotland,2010,39,all,403,315
Scotland,2010,40,all,390,275
Scotland,2010,41,all,365,267
Scotland,2010,42,all,313,251
Scotland,2010,43,all,283,221
Scotland,2010,44,all,255,209
Scotland,2010,45,all,244,202
Scotland,2010,46,all,231,186
Scotland,2010,47,all,193,176
Scotland,2010,48,all,195,168
Scotland,2010,49,all,186,148
Scotland,2010,50,all,199,145
Scotland,2010,51,all,174,134
Scotland,2010,52,all,174,126
Scotland,2010,53,all,128,130
Scotland,2010,54,all,122,133
Scotland,2010,55,all,120,114
Scotland,2010,56,all,106,100
Scotland,2010,57,all,98,93
Scotland,2010,58,all,104,89
Scotland,2010,59,all,93,91
Scotland,2010,60,all,71,89
Scotland,2010,61,all,91,84
Scotland,2010,62,all,61,67
Scotland,2010,63,all,78,86
Scotland,2010,64,all,66,68
Scotland,2010,65,all,72,64
Scotland,2010,66,all,55,62
Scotland,2010,67,all,49,50
Scotland,2010,68,all,45,42
Scotland,2010,69,all,49,43
Scotland,2010,70,all,33,40
Scotland,2010,71,all,37,40
Scotland,2010,72,all,23,32
Scotland,2010,73,all,30,31
Scotland,2010,74,all,21,24
Scotland,2010,75,all,24,25
Scotland,2010,76,all,24,27
Scotland,2010,77,all,22,21
Scotland,2010,78,all,23,25
Scotland,2010,79,all,20,20
Scotland,2010,80,all,15,24
Scotland,2010,81,all,10,21
Scotland,2010,82,all,7,19
Scotland,2010,83,all,10,11
Scotland,2010,84,all,10,16
Scotland,2010,85,all,11,15
Scotland,2010,86,all,6,12
Scotland,2010,87,all,6,11
Scotland,2010,88,all,6,12
Scotland,2010,89,all,5,11
Scotland,2010,90,all,16,27
Scotland,2011,0,all,559,153
Scotland,2011,1,all,660,238
Scotland,2011,2,all,560,221
Scotland,2011,3,all,499,199
Scotland,2011,4,all,450,189
Scotland,2011,5,all,385,156
Scotland,2011,6,all,331,137
Scotland,2011,7,all,306,134
Scotland,2011,8,all,246,108
Scotland,2011,9,all,242,114
Scotland,2011,10,all,251,110
Scotland,2011,11,all,249,116
Scotland,2011,12,all,239,100
Scotland,2011,13,all,257,101
Scotland,2011,14,all,250,106
Scotland,2011,15,all,271,96
Scotland,2011,16,all,341,118
Scotland,2011,17,all,488,161
Scotland,2011,18,all,1145,201
Scotland,2011,19,all,1810,325
Scotland,2011,20,all,2272,432
Scotland,2011,21,all,2543,546
Scotland,2011,22,all,3053,723
Scotland,2011,23,all,3119,900
Scotland,2011,24,all,2723,975
Scotland,2011,25,all,2425,959
Scotland,2011,26,all,2152,847
Scotland,2011,27,all,1860,753
Scotland,2011,28,all,1591,703
Scotland,2011,29,all,1392,608
Scotland,2011,30,all,1213,540
Scotland,2011,31,all,1051,482
Scotland,2011,32,all,862,424
Scotland,2011,33,all,759,355
Scotland,2011,34,all,687,315
Scotland,2011,35,all,594,278
Scotland,2011,36,all,554,268
Scotland,2011,37,all,506,247
Scotland,2011,38,all,421,236
Scotland,2011,39,all,380,216
Scotland,2011,40,all,390,208
Scotland,2011,41,all,342,186
Scotland,2011,42,all,270,177
Scotland,2011,43,all,267,163
Scotland,2011,44,all,232,145
Scotland,2011,45,all,191,135
Scotland,2011,46,all,210,126
Scotland,2011,47,all,200,120
Scotland,2011,48,all,181,116
Scotland,2011,49,all,161,105
Scotland,2011,50,all,156,95
Scotland,2011,51,all,154,90
Scotland,2011,52,all,146,92
Scotland,2011,53,all,120,88
Scotland,2011,54,all,116,78
Scotland,2011,55,all,108,71
Scotland,2011,56,all,108,73
Scotland,2011,57,all,88,64
Scotland,2011,58,all,94,69
Scotland,2011,59,all,80,63
Scotland,2011,60,all,75,60
Scotland,2011,61,all,67,56
Scotland,2011,62,all,74,49
Scotland,2011,63,all,59,50
Scotland,2011,64,all,65,56
Scotland,2011,65,all,56,48
Scotland,2011,66,all,49,42
Scotland,2011,67,all,46,37
Scotland,2011,68,all,50,35
Scotland,2011,69,all,35,28
Scotland,2011,70,all,36,27
Scotland,2011,71,all,33,23
Scotland,2011,72,all,28,24
Scotland,2011,73,all,31,21
Scotland,2011,74,all,27,18
Scotland,2011,75,all,20,18
Scotland,2011,76,all,17,15
Scotland,2011,77,all,12,10
Scotland,2011,78,all,17,10
Scotland,2011,79,all,11,13
Scotland,2011,80,all,7,13
Scotland,2011,81,all,14,11
Scotland,2011,82,all,3,9
Scotland,2011,83,all,7,10
Scotland,2011,84,all,9,9
Scotland,2011,85,all,7,10
Scotland,2011,86,all,8,5
Scotland,2011,87,all,6,6
Scotland,2011,88,all,9,6
Scotland,2011,89,all,3,5
Scotland,2011,90,all,9,22
Scotland,2012,0,all,432,220
Scotland,2012,1,all,511,362
Scotland,2012,2,all,447,340
Scotland,2012,3,all,398,313
Scotland,2012,4,all,365,282
Scotland,2012,5,all,320,250
Scotland,2012,6,all,263,201
Scotland,2012,7,all,244,191
Scotland,2012,8,all,217,176
Scotland,2012,9,all,207,156
Scotland,2012,10,all,201,159
Scotland,2012,11,all,189,134
Scotland,2012,12,all,193,144
Scotland,2012,13,all,193,140
Scotland,2012,14,all,216,144
Scotland,2012,15,all,199,136
Scotland,2012,16,all,239,155
Scotland,2012,17,all,396,237
Scotland,2012,18,all,1011,297
Scotland,2012,19,all,1689,470
Scotland,2012,20,all,1846,673
Scotland,2012,21,all,1985,944
Scotland,2012,22,all,2491,1131
Scotland,2012,23,all,2527,1377
Scotland,2012,24,all,2131,1607
Scotland,2012,25,all,1867,1504
Scotland,2012,26,all,1618,1311
Scotland,2012,27,all,1493,1130
Scotland,2012,28,all,1274,1021
Scotland,2012,29,all,1145,947
Scotland,2012,30,all,984,801
Scotland,2012,31,all,867,757
Scotland,2012,32,all,793,659
Scotland,2012,33,all,640,594
Scotland,2012,34,all,530,520
Scotland,2012,35,all,506,455
Scotland,2012,36,all,422,395
Scotland,2012,37,all,412,371
Scotland,2012,38,all,355,341
Scotland,2012,39,all,323,318
Scotland,2012,40,all,307,304
Scotland,2012,41,all,253,276
Scotland,2012,42,all,233,271
Scotland,2012,43,all,227,243
Scotland,2012,44,all,203,216
Scotland,2012,45,all,174,221
Scotland,2012,46,all,159,202
Scotland,2012,47,all,142,182
Scotland,2012,48,all,142,180
Scotland,2012,49,all,141,157
Scotland,2012,50,all,115,159
Scotland,2012,51,all,119,144
Scotland,2012,52,all,113,133
Scotland,2012,53,all,116,137
Scotland,2012,54,all,114,130
Scotland,2012,55,all,99,125
Scotland,2012,56,all,90,113
Scotland,2012,57,all,87,105
Scotland,2012,58,all,82,100
Scotland,2012,59,all,71,98
Scotland,2012,60,all,80,92
Scotland,2012,61,all,64,92
Scotland,2012,62,all,63,97
Scotland,2012,63,all,52,86
Scotland,2012,64,all,58,89
Scotland,2012,65,all,50,92
Scotland,2012,66,all,43,80
Scotland,2012,67,all,31,71
Scotland,2012,68,all,33,57
Scotland,2012,69,all,36,59
Scotland,2012,70,all,22,46
Scotland,2012,71,all,28,49
Scotland,2012,72,all,20,40
Scotland,2012,73,all,27,42
Scotland,2012,74,all,19,27
Scotland,2012,75,all,15,34
Scotland,2012,76,all,12,23
Scotland,2012,77,all,10,25
Scotland,2012,78,all,11,19
Scotland,2012,79,all,10,25
Scotland,2012,80,all,9,14
Scotland,2012,81,all,5,20
Scotland,2012,82,all,16,20
Scotland,2012,83,all,5,14
Scotland,2012,84,all,9,22
Scotland,2012,85,all,7,12
Scotland,2012,86,all,3,14
Scotland,2012,87,all,2,16
Scotland,2012,88,all,2,11
Scotland,2012,89,all,4,12
Scotland,2012,90,all,28,41
Scotland,2013,0,all,320,207
Scotland,2013,1,all,416,361
Scotland,2013,2,all,382,343
Scotland,2013,3,all,338,306
Scotland,2013,4,all,347,301
Scotland,2013,5,all,256,239
Scotland,2013,6,all,234,227
Scotland,2013,7,all,204,188
Scotland,2013,8,all,174,172
Scotland,2013,9,all,177,174
Scotland,2013,10,all,155,149
Scotland,2013,11,all,153,149
Scotland,2013,12,all,150,143
Scotland,2013,13,all,156,144
Scotland,2013,14,all,174,151
Scotland,2013,15,all,181,143
Scotland,2013,16,all,208,145
Scotland,2013,17,all,370,244
Scotland,2013,18,all,878,287
Scotland,2013,19,all,1209,467
Scotland,2013,20,all,1360,701
Scotland,2013,21,all,1570,859
Scotland,2013,22,all,1851,1121
Scotland,2013,23,all,1788,1432
Scotland,2013,24,all,1554,1539
Scotland,2013,25,all,1411,1433
Scotland,2013,26,all,1231,1268
Scotland,2013,27,all,1079,1108
Scotland,2013,28,all,993,991
Scotland,2013,29,all,883,876
Scotland,2013,30,all,808,797
Scotland,2013,31,all,667,726
Scotland,2013,32,all,618,659
Scotland,2013,33,all,553,580
Scotland,2013,34,all,478,548
Scotland,2013,35,all,429,466
Scotland,2013,36,all,384,403
Scotland,2013,37,all,347,385
Scotland,2013,38,all,303,355
Scotland,2013,39,all,267,332
Scotland,2013,40,all,242,303
Scotland,2013,41,all,217,283
Scotland,2013,42,all,185,259
Scotland,2013,43,all,169,233
Scotland,2013,44,all,167,227
Scotland,2013,45,all,157,229
Scotland,2013,46,all,146,215
Scotland,2013,47,all,115,184
Scotland,2013,48,all,125,172
Scotland,2013,49,all,102,187
Scotland,2013,50,all,105,171
Scotland,2013,51,all,92,149
Scotland,2013,52,all,97,151
Scotland,2013,53,all,100,130
Scotland,2013,54,all,88,133
Scotland,2013,55,all,83,141
Scotland,2013,56,all,77,117
Scotland,2013,57,all,73,109
Scotland,2013,58,all,66,102
Scotland,2013,59,all,53,111
Scotland,2013,60,all,59,94
Scotland,2013,61,all,52,90
Scotland,2013,62,all,51,92
Scotland,2013,63,all,51,78
Scotland,2013,64,all,42,90
Scotland,2013,65,all,47,88
Scotland,2013,66,all,42,87
Scotland,2013,67,all,30,67
Scotland,2013,68,all,26,71
Scotland,2013,69,all,28,59
Scotland,2013,70,all,24,51
Scotland,2013,71,all,17,36
Scotland,2013,72,all,23,42
Scotland,2013,73,all,21,39
Scotland,2013,74,all,23,37
Scotland,2013,75,all,17,40
Scotland,2013,76,all,13,32
Scotland,2013,77,all,17,28
Scotland,2013,78,all,14,23
Scotland,2013,79,all,12,22
Scotland,2013,80,all,12,25
Scotland,2013,81,all,11,21
Scotland,2013,82,all,8,23
Scotland,2013,83,all,9,21
Scotland,2013,84,all,7,20
Scotland,2013,85,all,6,18
Scotland,2013,86,all,4,13
Scotland,2013,87,all,7,14
Scotland,2013,88,all,2,8
Scotland,2013,89,all,4,8
Scotland,2013,90,all,6,38
